
  CREATE TABLE "CERTIFICATION" 
   (	"CERT_ID" NUMBER(10,0), 
	"GOTYEAR" VARCHAR2(255 CHAR), 
	"TITLE" VARCHAR2(255 CHAR), 
	"RESID" NUMBER(10,0)
   ) SEGMENT CREATION IMMEDIATE 
  PCTFREE 10 PCTUSED 40 INITRANS 1 MAXTRANS 255 NOCOMPRESS LOGGING
  STORAGE(INITIAL 65536 NEXT 1048576 MINEXTENTS 1 MAXEXTENTS 2147483645
  PCTINCREASE 0 FREELISTS 1 FREELIST GROUPS 1 BUFFER_POOL DEFAULT FLASH_CACHE DEFAULT CELL_FLASH_CACHE DEFAULT)
  TABLESPACE "SYSTEM" ;
--------------------------------------------------------
--  DDL for Table EDUCATION
--------------------------------------------------------

  CREATE TABLE "EDUCATION" 
   (	"EDU_ID" NUMBER(10,0), 
	"GRAD_YEAR" NUMBER(10,0), 
	"SCHOOL" VARCHAR2(255 CHAR), 
	"TYPE" VARCHAR2(255 CHAR), 
	"RESID" NUMBER(10,0)
   ) SEGMENT CREATION IMMEDIATE 
  PCTFREE 10 PCTUSED 40 INITRANS 1 MAXTRANS 255 NOCOMPRESS LOGGING
  STORAGE(INITIAL 65536 NEXT 1048576 MINEXTENTS 1 MAXEXTENTS 2147483645
  PCTINCREASE 0 FREELISTS 1 FREELIST GROUPS 1 BUFFER_POOL DEFAULT FLASH_CACHE DEFAULT CELL_FLASH_CACHE DEFAULT)
  TABLESPACE "SYSTEM" ;
--------------------------------------------------------
--  DDL for Table EXPERIENCE
--------------------------------------------------------

  CREATE TABLE "EXPERIENCE" 
   (	"EXP_ID" NUMBER(10,0), 
	"COMPANY" VARCHAR2(255 CHAR), 
	"END_YEAR" VARCHAR2(255 CHAR), 
	"START_YEAR" VARCHAR2(255 CHAR), 
	"TITLE" VARCHAR2(255 CHAR), 
	"RESID" NUMBER(10,0)
   ) SEGMENT CREATION IMMEDIATE 
  PCTFREE 10 PCTUSED 40 INITRANS 1 MAXTRANS 255 NOCOMPRESS LOGGING
  STORAGE(INITIAL 65536 NEXT 1048576 MINEXTENTS 1 MAXEXTENTS 2147483645
  PCTINCREASE 0 FREELISTS 1 FREELIST GROUPS 1 BUFFER_POOL DEFAULT FLASH_CACHE DEFAULT CELL_FLASH_CACHE DEFAULT)
  TABLESPACE "SYSTEM" ;
--------------------------------------------------------
--  DDL for Table JOB
--------------------------------------------------------

  CREATE TABLE "JOB" 
   (	"JOB_ID" NUMBER(10,0), 
	"COMPANY" VARCHAR2(255 CHAR), 
	"DESCRIPTION" VARCHAR2(255 CHAR), 
	"LOCATION" VARCHAR2(255 CHAR), 
	"POSTDATE" VARCHAR2(255 CHAR), 
	"TITLE" VARCHAR2(255 CHAR), 
	"WEBSITE" VARCHAR2(255 CHAR), 
	"USER_ID" NUMBER(10,0)
   ) SEGMENT CREATION IMMEDIATE 
  PCTFREE 10 PCTUSED 40 INITRANS 1 MAXTRANS 255 NOCOMPRESS LOGGING
  STORAGE(INITIAL 65536 NEXT 1048576 MINEXTENTS 1 MAXEXTENTS 2147483645
  PCTINCREASE 0 FREELISTS 1 FREELIST GROUPS 1 BUFFER_POOL DEFAULT FLASH_CACHE DEFAULT CELL_FLASH_CACHE DEFAULT)
  TABLESPACE "SYSTEM" ;
--------------------------------------------------------
--  DDL for Table JOB_SKILLS
--------------------------------------------------------

  CREATE TABLE "JOB_SKILLS" 
   (	"JOB_ID" NUMBER(10,0), 
	"SKILL_ID" NUMBER(10,0)
   ) SEGMENT CREATION IMMEDIATE 
  PCTFREE 10 PCTUSED 40 INITRANS 1 MAXTRANS 255 NOCOMPRESS LOGGING
  STORAGE(INITIAL 65536 NEXT 1048576 MINEXTENTS 1 MAXEXTENTS 2147483645
  PCTINCREASE 0 FREELISTS 1 FREELIST GROUPS 1 BUFFER_POOL DEFAULT FLASH_CACHE DEFAULT CELL_FLASH_CACHE DEFAULT)
  TABLESPACE "SYSTEM" ;
--------------------------------------------------------
--  DDL for Table PROJECT
--------------------------------------------------------

  CREATE TABLE "PROJECT" 
   (	"PRO_ID" NUMBER(10,0), 
	"DESCRIPTION" VARCHAR2(255 CHAR), 
	"ENDDATE" VARCHAR2(255 CHAR), 
	"GROUP_SIZE" NUMBER(10,0), 
	"STARTDATE" VARCHAR2(255 CHAR), 
	"TITLE" VARCHAR2(255 CHAR), 
	"RESID" NUMBER(10,0)
   ) SEGMENT CREATION IMMEDIATE 
  PCTFREE 10 PCTUSED 40 INITRANS 1 MAXTRANS 255 NOCOMPRESS LOGGING
  STORAGE(INITIAL 65536 NEXT 1048576 MINEXTENTS 1 MAXEXTENTS 2147483645
  PCTINCREASE 0 FREELISTS 1 FREELIST GROUPS 1 BUFFER_POOL DEFAULT FLASH_CACHE DEFAULT CELL_FLASH_CACHE DEFAULT)
  TABLESPACE "SYSTEM" ;
--------------------------------------------------------
--  DDL for Table RESUME
--------------------------------------------------------

  CREATE TABLE "RESUME" 
   (	"RESID" NUMBER(10,0), 
	"DESCRIPTION" VARCHAR2(255 CHAR), 
	"USER_ID" NUMBER(10,0)
   ) SEGMENT CREATION IMMEDIATE 
  PCTFREE 10 PCTUSED 40 INITRANS 1 MAXTRANS 255 NOCOMPRESS LOGGING
  STORAGE(INITIAL 65536 NEXT 1048576 MINEXTENTS 1 MAXEXTENTS 2147483645
  PCTINCREASE 0 FREELISTS 1 FREELIST GROUPS 1 BUFFER_POOL DEFAULT FLASH_CACHE DEFAULT CELL_FLASH_CACHE DEFAULT)
  TABLESPACE "SYSTEM" ;
--------------------------------------------------------
--  DDL for Table RESUME_SKILLS
--------------------------------------------------------

  CREATE TABLE "RESUME_SKILLS" 
   (	"RESID" NUMBER(10,0), 
	"SKILL_ID" NUMBER(10,0)
   ) SEGMENT CREATION IMMEDIATE 
  PCTFREE 10 PCTUSED 40 INITRANS 1 MAXTRANS 255 NOCOMPRESS LOGGING
  STORAGE(INITIAL 65536 NEXT 1048576 MINEXTENTS 1 MAXEXTENTS 2147483645
  PCTINCREASE 0 FREELISTS 1 FREELIST GROUPS 1 BUFFER_POOL DEFAULT FLASH_CACHE DEFAULT CELL_FLASH_CACHE DEFAULT)
  TABLESPACE "SYSTEM" ;
--------------------------------------------------------
--  DDL for Table SKILL
--------------------------------------------------------

  CREATE TABLE "SKILL" 
   (	"SKILL_ID" NUMBER(10,0), 
	"TITLE" VARCHAR2(255 CHAR)
   ) SEGMENT CREATION IMMEDIATE 
  PCTFREE 10 PCTUSED 40 INITRANS 1 MAXTRANS 255 NOCOMPRESS LOGGING
  STORAGE(INITIAL 65536 NEXT 1048576 MINEXTENTS 1 MAXEXTENTS 2147483645
  PCTINCREASE 0 FREELISTS 1 FREELIST GROUPS 1 BUFFER_POOL DEFAULT FLASH_CACHE DEFAULT CELL_FLASH_CACHE DEFAULT)
  TABLESPACE "SYSTEM" ;
--------------------------------------------------------
--  DDL for Table USERS
--------------------------------------------------------

  CREATE TABLE "USERS" 
   (	"USER_ID" NUMBER(10,0), 
	"EMAIL" VARCHAR2(255 CHAR), 
	"FIRSTNAME" VARCHAR2(255 CHAR), 
	"LASTNAME" VARCHAR2(255 CHAR), 
	"PASSWORD" VARCHAR2(255 CHAR), 
	"PNUMBER" VARCHAR2(255 CHAR), 
	"ROLE" NUMBER(10,0)
   ) SEGMENT CREATION IMMEDIATE 
  PCTFREE 10 PCTUSED 40 INITRANS 1 MAXTRANS 255 NOCOMPRESS LOGGING
  STORAGE(INITIAL 65536 NEXT 1048576 MINEXTENTS 1 MAXEXTENTS 2147483645
  PCTINCREASE 0 FREELISTS 1 FREELIST GROUPS 1 BUFFER_POOL DEFAULT FLASH_CACHE DEFAULT CELL_FLASH_CACHE DEFAULT)
  TABLESPACE "SYSTEM" ;
REM INSERTING into CERTIFICATION
SET DEFINE OFF;
Insert into CERTIFICATION (CERT_ID,GOTYEAR,TITLE,RESID) values (1,'1993','Engineer',5);
Insert into CERTIFICATION (CERT_ID,GOTYEAR,TITLE,RESID) values (2,'2005','SQL',1);
Insert into CERTIFICATION (CERT_ID,GOTYEAR,TITLE,RESID) values (3,'2007','Java',2);
REM INSERTING into EDUCATION
SET DEFINE OFF;
Insert into EDUCATION (EDU_ID,GRAD_YEAR,SCHOOL,TYPE,RESID) values (1,2017,'State','Bachelor''s',3);
Insert into EDUCATION (EDU_ID,GRAD_YEAR,SCHOOL,TYPE,RESID) values (2,2018,'City','Associate',3);
Insert into EDUCATION (EDU_ID,GRAD_YEAR,SCHOOL,TYPE,RESID) values (3,2018,'Doctor','Masters',2);
REM INSERTING into EXPERIENCE
SET DEFINE OFF;
Insert into EXPERIENCE (EXP_ID,COMPANY,END_YEAR,START_YEAR,TITLE,RESID) values (1,'Revature','2018','2017','Revature',4);
Insert into EXPERIENCE (EXP_ID,COMPANY,END_YEAR,START_YEAR,TITLE,RESID) values (2,'Revature','2018','2017','Revature',5);
REM INSERTING into JOB
SET DEFINE OFF;
Insert into JOB (JOB_ID,COMPANY,DESCRIPTION,LOCATION,POSTDATE,TITLE,WEBSITE,USER_ID) values (7,'thirdJob','thirdJob','thirdJob','Today','thirdJob','thirdJob',8);
Insert into JOB (JOB_ID,COMPANY,DESCRIPTION,LOCATION,POSTDATE,TITLE,WEBSITE,USER_ID) values (2,'firstJob','firstJob','firstJob','Today','firstJob','firstJob',6);
Insert into JOB (JOB_ID,COMPANY,DESCRIPTION,LOCATION,POSTDATE,TITLE,WEBSITE,USER_ID) values (6,'secondJob','secondJob','secondJob','Today','secondJob','secondJob',7);
Insert into JOB (JOB_ID,COMPANY,DESCRIPTION,LOCATION,POSTDATE,TITLE,WEBSITE,USER_ID) values (8,'fourthJob','fourthJob','fourthJob','Today','fourthJob','fourthJob',9);
Insert into JOB (JOB_ID,COMPANY,DESCRIPTION,LOCATION,POSTDATE,TITLE,WEBSITE,USER_ID) values (9,'fifthJob','fifthJob','fifthJob','today','fifthJob','fifthJob',10);
REM INSERTING into JOB_SKILLS
SET DEFINE OFF;
Insert into JOB_SKILLS (JOB_ID,SKILL_ID) values (2,4);
Insert into JOB_SKILLS (JOB_ID,SKILL_ID) values (9,3);
Insert into JOB_SKILLS (JOB_ID,SKILL_ID) values (8,6);
REM INSERTING into PROJECT
SET DEFINE OFF;
Insert into PROJECT (PRO_ID,DESCRIPTION,ENDDATE,GROUP_SIZE,STARTDATE,TITLE,RESID) values (1,'firstPro','today',5,'today','firstPro',1);
Insert into PROJECT (PRO_ID,DESCRIPTION,ENDDATE,GROUP_SIZE,STARTDATE,TITLE,RESID) values (2,'secondPro','today',5,'today','secondPro',1);
Insert into PROJECT (PRO_ID,DESCRIPTION,ENDDATE,GROUP_SIZE,STARTDATE,TITLE,RESID) values (3,'thirdPro','today',7,'today','thirdPro',3);
REM INSERTING into RESUME
SET DEFINE OFF;
Insert into RESUME (RESID,DESCRIPTION,USER_ID) values (1,'firstRes',1);
Insert into RESUME (RESID,DESCRIPTION,USER_ID) values (2,'secondRes',2);
Insert into RESUME (RESID,DESCRIPTION,USER_ID) values (3,'thirdRes',3);
Insert into RESUME (RESID,DESCRIPTION,USER_ID) values (4,'fourthRes',4);
Insert into RESUME (RESID,DESCRIPTION,USER_ID) values (5,'fifthRes',5);
REM INSERTING into RESUME_SKILLS
SET DEFINE OFF;
REM INSERTING into SKILL
SET DEFINE OFF;
Insert into SKILL (SKILL_ID,TITLE) values (1,'Java');
Insert into SKILL (SKILL_ID,TITLE) values (2,'Angular');
Insert into SKILL (SKILL_ID,TITLE) values (3,'SQL');
Insert into SKILL (SKILL_ID,TITLE) values (4,'C++');
Insert into SKILL (SKILL_ID,TITLE) values (5,'Agile');
Insert into SKILL (SKILL_ID,TITLE) values (6,'AJAX');
REM INSERTING into USERS
SET DEFINE OFF;
Insert into USERS (USER_ID,EMAIL,FIRSTNAME,LASTNAME,PASSWORD,PNUMBER,ROLE) values (1,'first','first','first','first','111-111-1111',0);
Insert into USERS (USER_ID,EMAIL,FIRSTNAME,LASTNAME,PASSWORD,PNUMBER,ROLE) values (2,'second','second','second','second','222-222-2222',0);
Insert into USERS (USER_ID,EMAIL,FIRSTNAME,LASTNAME,PASSWORD,PNUMBER,ROLE) values (3,'third','third','third','third','333-333-3333',0);
Insert into USERS (USER_ID,EMAIL,FIRSTNAME,LASTNAME,PASSWORD,PNUMBER,ROLE) values (4,'four','four','four','four','444-444-4444',0);
Insert into USERS (USER_ID,EMAIL,FIRSTNAME,LASTNAME,PASSWORD,PNUMBER,ROLE) values (5,'five','five','five','five','555-555-5555',0);
Insert into USERS (USER_ID,EMAIL,FIRSTNAME,LASTNAME,PASSWORD,PNUMBER,ROLE) values (6,'six','six','six','six','666-666-6666',1);
Insert into USERS (USER_ID,EMAIL,FIRSTNAME,LASTNAME,PASSWORD,PNUMBER,ROLE) values (7,'seven','seven','seven','seven','777-777-7777',1);
Insert into USERS (USER_ID,EMAIL,FIRSTNAME,LASTNAME,PASSWORD,PNUMBER,ROLE) values (8,'eight','eight','eight','eight','888-888-8888',1);
Insert into USERS (USER_ID,EMAIL,FIRSTNAME,LASTNAME,PASSWORD,PNUMBER,ROLE) values (9,'nine','nine','nine','nine','999-999-9999',1);
Insert into USERS (USER_ID,EMAIL,FIRSTNAME,LASTNAME,PASSWORD,PNUMBER,ROLE) values (10,'ten','ten','ten','ten','101-010-1010',1);